0,195.99
1,142.99
2,329.99
3,879.99
4,689.99
5,3059.99
6,1239.99
7,689.99
8,369.99
9,1079.99
10,919.99
11,709.99
12,519.99
13,435.99
14,949.99
15,519.99
16,2050.00
17,1059.99
18,1189.99
19,409.99
20,319.99
21,429.99
22,899.99
23,399.99
24,326.99
25,369.99
26,182.99
27,899.99
28,1039.99
29,2869.99
30,939.99
31,283.99
32,499.99
33,259.99
34,639.99
35,449.99
36,2149.99
37,1188.00
38,1189.99
39,519.99
40,1029.99
41,529.99
42,749.99
43,799.99
44,325.99
45,1103.27
46,889.99
47,649.99
48,419.99
49,899.99
50,369.99
51,1479.99
52,339.99
53,969.99
54,619.99
55,187.99
56,899.99
57,419.99
58,569.99
59,339.99
60,1099.99
61,539.99
62,899.99
63,569.99
64,339.99
65,1099.99
66,539.99
67,699.99
68,389.99
69,899.99
70,869.99
71,1649.00
72,1638.00
73,489.99
74,709.99
75,699.99
76,499.99
77,609.99
78,939.99
79,469.99
80,949.99
81,329.99
82,339.99
83,859.99
84,859.99
85,273.99
86,1419.99
87,679.99
88,2399.99
89,979.99
90,349.99
91,247.99
92,729.99
93,789.99
94,909.99
95,809.99
96,3499.99
97,509.99
98,599.99
99,949.99
100,579.99
101,629.99
102,389.99
103,839.99
104,659.99
105,359.99
106,609.99
107,749.99
108,769.99
109,839.99
110,1819.99
111,769.99
112,529.99
113,269.99
114,1264.00
115,599.99
116,1139.99
117,1229.99
118,669.99
119,679.99
120,899.99
121,939.99
122,1359.99
123,819.00
124,349.99
125,959.99
126,1408.00
127,519.99
128,529.99
129,1019.99
130,789.99
131,929.99
132,439.99
133,699.99
134,819.99
135,129.99
136,869.99
137,859.99
138,1439.99
139,2359.99
140,629.99
141,659.99
142,2499.99
143,749.99
144,729.99
145,1899.99
146,649.99
147,589.99
148,959.99
149,569.99
150,1639.99
151,669.99
152,259.99
153,899.99
154,395.99
155,409.99
156,2249.99
157,739.99
158,1399.99
159,1799.99
160,569.99
161,1798.00
162,369.99
163,2339.99
164,1479.99
165,1039.99
166,1189.99
167,1189.99
168,669.99
169,469.99
170,875.99
171,1099.99
172,2999.99
173,649.99
174,699.99
175,999.99
176,1089.99
177,1189.99
178,1189.99
179,319.99
180,1099.99
181,529.99
182,869.99
183,529.99
184,1239.99
185,819.00
186,2299.99
187,969.99
188,379.99
189,394.99
190,309.99
191,739.99
192,283.99
193,2003.99
194,669.99
195,449.99
196,2199.99
197,739.99
198,749.99
199,789.99
200,899.99
201,389.99
202,819.99
203,949.99
204,969.99
205,699.99
206,469.99
207,1428.99
208,1239.99
209,569.99
210,769.99
211,989.99
212,289.99
213,529.99
214,559.99
215,549.99
216,879.99
217,319.99
218,529.99
219,989.99
220,2899.99
221,499.99
222,329.99
223,459.99
224,639.99
225,599.99
226,499.99
227,869.99
228,879.99
229,1529.99
230,1589.99
231,1099.99
232,1309.00
233,2899.99
234,979.99
235,609.99
236,729.99
237,559.99
238,269.99
239,679.99
240,1849.99
241,899.99
242,799.99
243,869.99
244,2749.99
245,469.99
246,599.99
247,699.99
248,699.00
249,709.99
250,859.99
251,729.99
252,459.99
253,269.99
254,659.99
255,5499.99
256,379.99
257,309.99
258,429.99
259,1059.99
260,1129.99
261,1879.99
262,1174.99
263,749.99
264,216.99
265,1929.99
266,1049.99
267,449.99
268,434.99
269,939.99
270,979.99
271,929.99
272,719.99
273,449.99
274,939.99
275,979.99
276,929.99
277,719.99
278,1089.99
279,336.99
280,789.99
281,319.99
282,839.99
283,869.99
284,869.99
285,1059.99
286,849.99
287,959.99
288,1159.99
289,529.99
290,789.99
291,359.99
292,1899.99
293,769.99
294,305.99
295,1129.99
296,1399.99
297,2499.99
298,629.99
299,779.99
300,379.99
301,404.99
302,759.99
303,639.99
304,303.99
305,589.99
306,1479.99
307,779.99
308,699.99
309,1089.99
310,879.99
311,1659.99
312,449.99
313,569.99
314,3099.99
315,939.99
316,689.99
317,929.99
318,3999.99
319,1615.99
320,489.99
321,1019.99
322,389.99
323,509.99
324,799.99
325,3399.99
326,459.99
327,849.99
328,1399.99
329,1249.99
330,469.99
331,389.99
332,729.99
333,1169.99
334,369.99
335,196.99
336,929.99
337,1379.99
338,879.99
339,719.99
340,919.99
341,439.99
342,559.99
343,899.99
344,879.99
345,959.99
346,609.99
347,879.99
348,1949.99
349,919.99
350,899.99
351,1069.99
352,529.99
353,969.99
354,3099.99
355,1379.99
356,529.99
357,557.99
358,379.99
359,1069.99
360,669.99
361,1299.99
362,719.99
363,469.99
364,1299.99
365,254.99
366,649.99
367,1229.99
368,819.99
369,1199.99
370,999.99
371,899.99
372,1029.99
373,809.99
374,499.99
375,409.99
376,3399.00
377,769.99
378,699.99
379,419.99
380,2700.00
381,1349.99
382,1299.00
383,2704.00
384,989.99
385,2399.99
386,1329.99
387,439.99
388,479.99
389,949.99
390,759.99
391,2655.00
392,1469.99
393,719.99
394,930.76
395,359.99
396,1129.99
397,579.99
398,629.99
399,4199.99
400,899.99
401,289.99
402,2069.99
403,359.99
404,699.99
405,529.99
406,749.99
407,2699.99
408,1029.99
409,479.99
410,1669.99
411,699.99
412,429.99
413,1729.99
414,669.99
415,539.99
416,629.99
417,959.99
418,699.99
419,2569.99
420,869.99
421,389.99
422,499.99
423,779.99
424,559.99
425,269.99
426,509.99
427,419.99
428,1319.99
429,409.99
430,1019.99
431,1184.99
432,269.99
433,509.99
434,354.99
435,419.99
436,1319.99
437,409.99
438,1019.99
439,1184.99
440,619.99
441,1639.99
442,519.99
443,979.99
444,789.99
445,899.99
446,509.99
447,263.99
448,949.99
449,1179.99
450,819.99
451,265.99
452,2399.99
453,2739.99
454,899.99
455,839.99
456,789.99
457,779.99
458,319.99
459,1099.99
460,429.99
461,479.99
462,389.99
463,1239.99
464,599.99
465,325.99
466,669.99
467,619.99
468,269.99
469,1129.99
470,1259.99
471,869.99
472,919.99
473,559.99
474,1199.99
475,809.99
476,339.99
477,1899.99
478,799.99
479,999.99
480,375.99
481,829.99
482,529.99
483,699.99
484,999.99
485,2099.99
486,799.99
487,375.99
488,829.99
489,529.99
490,719.99
491,699.99
492,999.99
493,2099.99
494,969.99
495,659.99
496,499.99
497,1039.99
498,1069.99
499,1449.99
500,929.99
501,499.99
502,969.99
503,519.99
504,1029.99
505,394.99
506,659.99
507,1199.99
508,1899.99
509,404.99
510,1639.99
511,389.99
512,499.99
513,289.99
514,1599.00
515,619.99
516,2199.99
517,659.99
518,1489.99
519,809.99
520,329.99
521,669.99
522,1629.99
523,369.99
524,353.99
525,1283.65
526,660.97
527,1019.99
528,784.99
529,439.99
530,919.99
531,799.99
532,969.99
533,1199.99
534,679.99
535,289.99
536,829.99
537,819.99
538,569.99
539,264.99
540,829.99
541,739.99
542,2149.99
543,959.99
544,779.99
545,889.99
546,1269.99
547,939.99
548,355.99
549,999.99
550,2199.99
551,349.99
552,1669.99
553,1100.00
554,1729.99
555,819.99
556,329.99
557,779.99
558,2429.99
559,819.99
560,293.99
561,1199.99
562,609.99
563,3799.99
564,279.99
565,759.99
566,293.99
567,1499.99
568,264.99
569,2395.00
570,1129.99
571,1099.99
572,819.99
573,1059.99
574,699.99
575,599.99
576,1299.99
577,309.99
578,2199.99
579,594.99
580,429.99
581,509.99
582,1319.99
583,919.99
584,949.99
585,1739.99
586,309.99
587,1169.99
588,1099.99
589,559.99
590,599.99
591,2099.99
592,639.99
593,1279.99
594,849.99
595,1569.99
596,749.99
597,819.99
598,759.99
599,549.99
600,1279.99
601,699.99
602,379.99
603,369.99
604,999.99
605,1199.99
606,399.99
607,459.99
608,909.99
609,2769.99
610,969.99
611,389.99
612,859.99
613,639.99
614,1122.28
615,789.99
616,899.99
617,639.99
618,474.99
619,529.99
620,669.99
621,409.99
622,759.99
623,599.99
624,649.99
625,659.99
626,549.99
627,1039.99
628,669.99
629,1029.99
630,1319.99
631,929.99
632,1339.99
633,1289.99
634,283.99
635,1149.99
636,799.99
637,469.99
638,439.99
639,1074.99
640,326.99
641,374.99
642,519.99
643,1979.99
644,739.99
645,209.99
646,1009.00
647,1469.99
648,809.99
649,419.99
650,2399.99
651,949.99
652,1639.99
653,1049.99
654,519.99
655,749.99
656,749.99
657,1039.99
658,869.99
659,489.99
660,2759.99
661,1299.99
662,529.99
663,1089.99
664,399.99
665,289.99
666,739.99
667,469.99
668,349.99
669,1099.99
670,379.99
671,469.99
672,369.99
673,824.99
674,759.99
675,1129.99
676,1362.83
677,1369.99
678,899.99
679,429.99
680,299.99
681,2899.99
682,819.99
683,1359.99
684,2099.99
685,1379.99
686,1059.99
687,999.99
688,889.99
689,639.99
690,709.99
691,766.66
692,1859.99
693,449.99
694,499.99
695,939.99
696,839.99
697,2320.01
698,379.99
699,1859.99
700,449.99
701,849.99
702,499.99
703,939.99
704,839.99
705,2320.01
706,379.99
707,999.99
708,939.99
709,303.99
710,739.99
711,2029.99
712,509.99
713,479.99
714,489.99
715,1699.99
716,619.99
717,839.99
718,1559.99
719,1449.99
720,405.99
721,439.99
722,1146.75
723,409.99
724,779.99
725,1079.99
726,306.99
727,213.99
728,529.99
729,1259.99
730,769.99
731,399.99
732,759.99
733,1029.99
734,669.99
735,739.99
736,969.99
737,459.99
738,1216.65
739,929.99
740,276.99
741,1979.99
742,669.99
743,819.99
744,435.99
745,799.00
746,919.99
747,2149.00
748,919.99
749,869.99
750,2199.99
751,1639.99
752,384.99
753,639.99
754,999.99
755,939.99
756,539.99
757,809.99
758,509.99
759,1279.99
760,319.99
761,599.99
762,1369.99
763,223.99
764,349.99
765,629.99
766,1019.99
767,759.99
768,519.99
769,1929.99
770,999.99
771,819.99
772,829.99
773,1799.99
774,499.99
775,1339.99
776,1879.99
777,519.99
778,369.99
779,329.99
780,669.99
781,1289.99
782,1599.99
783,789.99
784,999.99
785,559.99
786,1729.99
787,769.99
788,669.99
789,829.99
790,789.99
791,1129.99
792,999.99
793,1599.99
794,1269.99
795,799.99
796,569.99
797,1129.99
798,849.99
799,1049.00
800,2084.72
801,289.99
802,579.99
803,789.99
804,779.99
805,559.99
806,1089.99
807,1289.99
808,759.99
809,769.99
810,769.99
811,589.99
812,309.99
813,929.99
814,1099.99
815,719.99
816,409.99
817,489.99
818,329.99
819,193.99
820,1629.99
821,319.99
822,479.99
823,659.99
824,245.99
825,1299.99
826,2899.99
827,969.99
828,859.99
829,489.99
830,359.99
831,1279.99
832,909.99
833,719.99
834,299.99
835,1099.99
836,889.99
837,949.99
838,1119.99
839,329.99
840,759.99
841,549.99
842,779.99
843,879.99
844,445.99
845,1769.99
846,1219.99
847,1729.99
848,1459.99
849,1499.99
850,459.99
851,659.99
852,809.99
853,2399.99
854,2449.99
855,1819.99
856,313.99
857,369.99
858,399.99
859,3299.99
860,4899.99
861,924.99
862,679.99
863,1579.99
864,609.99
865,1229.99
866,489.99
867,799.99
868,569.99
869,349.99
870,509.99
871,1429.99
872,919.99
873,1859.99
874,539.99
875,789.99
876,659.99
877,1159.99
878,256.99
879,1069.99
880,709.99
881,519.99
882,1579.99
883,759.99
884,819.99
885,3099.99
886,349.99
887,479.99
888,1159.99
889,269.99
890,434.99
891,2599.99
892,323.99
893,3549.99
894,3059.99
895,1739.99
896,2999.99
897,1159.99
898,1189.99
899,1159.99
900,1059.99
901,549.99
902,539.99
903,1399.99
904,329.99
905,719.99
906,1019.99
907,699.99
908,1295.99
909,1379.99
910,829.99
911,1399.99
912,309.99
913,329.99
914,719.99
915,1019.99
916,699.99
917,1295.99
918,1379.99
919,829.99
920,409.99
921,829.99
922,1069.99
923,394.99
924,1199.99
925,589.99
926,799.99
927,939.99
928,449.99
929,769.99
930,1059.99
931,1699.99
932,3199.99
933,759.99
934,349.99
935,326.99
936,919.99
937,1119.99
938,859.99
939,439.99
940,1349.99
941,2232.00
942,1279.99
943,3303.00
944,719.99
945,229.99
946,1743.00
947,929.99
948,3669.99
949,1999.99
950,619.99
951,619.99
952,2499.00
953,739.99
954,1299.99
955,769.99
956,344.99
957,449.99
958,1219.99
959,3049.99
960,879.99
961,899.99
962,4329.00
963,1799.99
964,3649.99
965,1299.99
966,2549.99
967,649.99
968,2299.99
969,1579.99
970,2002.17
971,877.49
972,2599.99
973,769.99
974,419.99
975,729.99
976,799.99
977,969.99
978,1039.99
979,1129.99
980,759.99
981,1479.99
982,979.99
983,999.99
984,1149.99
985,899.99
986,979.99
987,1099.99
988,1139.99
989,619.99
990,899.99
991,1929.99
992,2799.00
993,1219.99
994,445.99
995,1329.99
996,949.99
997,409.99
998,599.99
999,869.99
1000,479.99
1001,449.99
1002,899.99
1003,459.99
1004,1099.99
1005,779.99
1006,759.99
1007,1369.99
1008,1399.99
1009,669.99
1010,919.99
1011,629.99
1012,339.99
1013,789.99
1014,949.99
1015,1659.99
1016,3299.99
1017,399.99
1018,1249.99
1019,369.99
1020,419.99
1021,1019.99
1022,729.99
1023,479.99
1024,749.00
1025,529.99
1026,1039.99
1027,329.99
1028,1484.99
1029,789.99
1030,1029.99
1031,1139.99
1032,739.99
1033,689.99
1034,749.99
1035,1179.99
1036,669.99
1037,899.99
1038,1199.99
1039,679.99
1040,2239.99
1041,619.99
1042,699.99
1043,1439.99
1044,999.99
1045,349.99
1046,869.99
1047,1289.99
1048,977.49
1049,799.99
1050,399.99
1051,629.99
1052,329.99
1053,629.99
1054,1949.99
1055,1369.99
1056,429.99
1057,1019.99
1058,899.99
1059,899.99
1060,1429.99
1061,799.99
1062,1089.99
1063,619.99
1064,879.99
1065,1133.00
1066,839.99
1067,233.99
1068,309.99
1069,1669.99
1070,629.99
1071,1349.00
1072,569.99
1073,729.99
1074,399.99
1075,349.99
1076,1362.49
1077,479.99
1078,629.99
1079,263.99
1080,969.99
1081,569.99
1082,2259.99
1083,1029.99
1084,629.99
1085,4299.99
1086,649.99
1087,519.99
1088,2199.99
1089,349.99
1090,2849.99
1091,769.99
1092,959.99
1093,313.99
1094,1359.99
1095,599.99
1096,1439.99
1097,1949.99
1098,2299.99
1099,3769.99
1100,579.99
1101,1299.00
1102,2899.99
1103,1019.99
1104,3049.99
1105,909.99
1106,142.99
1107,1659.99
1108,277.99
1109,849.99
1110,299.99
1111,449.99
1112,283.99
1113,639.99
1114,1179.99
1115,3699.99
1116,379.99
1117,2499.99
1118,2500.00
1119,1299.99
1120,719.99
1121,1169.99
1122,1179.99
1123,829.99
1124,759.99
1125,619.99
1126,449.99
1127,939.99
1128,1659.99
1129,899.99
1130,2331.00
1131,649.99
1132,649.99
1133,719.99
1134,429.99
1135,839.99
1136,1129.99
1137,2199.99
1138,2564.99
1139,999.99
1140,739.99
1141,509.99
1142,539.99
1143,2199.99
1144,1259.99
1145,779.99
1146,434.99
1147,1299.99
1148,469.99
1149,449.99
1150,1129.00
1151,1276.00
1152,649.99
1153,869.99
1154,489.99
1155,1079.99
1156,1650.49
1157,509.99
1158,1169.99
1159,1279.99
1160,789.99
1161,479.99
1162,979.99
1163,1119.99
1164,789.99
1165,1299.99
1166,889.99
1167,889.99
1168,899.99
1169,939.99
1170,529.99
1171,3099.99
1172,1029.99
1173,2109.00
1174,689.99
1175,539.99
1176,869.99
1177,1259.99
1178,1469.99
1179,799.99
1180,729.99
1181,759.99
1182,869.99
1183,619.99
1184,1389.99
1185,899.99
1186,1639.99
1187,869.99
1188,449.99
1189,269.99
1190,449.99
1191,2799.99
1192,1429.99
1193,1639.99
1194,1019.99
1195,979.99
1196,1459.99
1197,969.99
1198,1249.00
1199,609.99
1200,2259.99
1201,1649.99
1202,1389.99
1203,469.99
1204,999.99
1205,729.99
1206,579.99
1207,1672.00
1208,629.99
1209,469.99
1210,1499.99
1211,569.99
1212,549.99
1213,1849.99
1214,1569.99
1215,819.99
1216,1759.99
1217,1499.99
1218,1099.99
1219,4199.99
1220,649.99
1221,1519.99
1222,949.99
1223,369.99
1224,869.99
1225,1908.99
1226,1679.99
1227,319.99
1228,979.99
1229,699.99
1230,429.99
1231,1399.99
1232,2349.99
1233,589.99
1234,609.99
1235,539.99
1236,799.99
1237,809.99
1238,1259.99
1239,1249.40
1240,869.99
1241,829.99
1242,839.99
1243,259.99
1244,1679.99
1245,1769.99
1246,1389.00
1247,819.99
1248,499.99
1249,1169.99
1250,939.99
1251,1039.99
1252,699.99
1253,769.99
1254,629.99
1255,1669.99
1256,529.99
1257,719.99
1258,1099.00
1259,415.99
1260,454.99
1261,539.99
1262,779.99
1263,1999.99
1264,749.99
1265,509.99
1266,299.99
1267,839.99
1268,329.99
1269,399.99
1270,1979.99
1271,389.99
1272,786.99
1273,659.99
1274,349.99
1275,1449.00
1276,1549.99
1277,669.99
1278,2049.99
1279,329.99
1280,1259.99
1281,459.99
1282,1549.99
1283,1397.49
1284,999.99
1285,329.99
1286,1220.00
1287,1199.99
1288,899.99
1289,799.99
1290,359.99
1291,729.99
1292,589.99
1293,699.99
1294,1129.99
1295,969.99
1296,1189.99
1297,419.99
1298,409.99
1299,1619.99
1300,409.99
1301,459.99
1302,1899.99
1303,1479.99
1304,869.99
1305,799.99
1306,1039.99
1307,579.99
1308,529.99
1309,969.99
1310,2299.99
1311,709.99
1312,889.99
1313,369.99
1314,1139.99
1315,1459.00
1316,959.99
1317,509.99
1318,589.99
1319,2899.99
1320,1259.99
1321,729.99
1322,1159.99
1323,839.99
1324,1269.99
1325,6399.99
1326,819.99
1327,389.99
1328,1249.99
1329,679.99
1330,769.99
1331,649.99
1332,829.99
1333,639.99
1334,429.99
1335,939.99
1336,1099.99
1337,1349.99
1338,1019.99
1339,689.99
1340,1059.99
1341,2956.00
1342,839.99
1343,549.99
1344,323.99
1345,919.99
1346,479.99
1347,539.99
1348,439.99
1349,1539.99
1350,559.99
1351,889.99
1352,869.99
1353,779.99
1354,1399.99
1355,1895.00
1356,1479.99
1357,509.99
1358,359.99
1359,939.99
1360,819.99
1361,819.99
1362,769.99
1363,2669.99
1364,959.99
1365,2259.99
1366,919.99
1367,2736.00
1368,459.99
1369,1279.99
1370,1759.99
1371,1479.99
1372,419.99
1373,789.99
1374,489.99
1375,799.99
1376,3799.99
1377,659.99
1378,339.99
1379,369.99
1380,779.99
1381,339.99
1382,779.99
1383,989.99
1384,1099.99
1385,669.99
1386,1199.00
1387,1079.99
1388,1179.99
1389,3099.99
1390,599.99
1391,589.99
1392,1579.99
1393,1239.99
1394,3999.99
1395,1819.99
1396,539.99
1397,1089.99
1398,1069.99
1399,1189.99
1400,1779.99
1401,629.99
1402,3299.99
1403,2239.99
1404,1399.99
1405,1595.00
1406,759.99
1407,2059.99
1408,979.99
1409,1169.99
1410,389.99
1411,749.99
1412,809.99
1413,1999.99
1414,1219.99
1415,2136.60
1416,829.99
1417,1979.99
1418,799.99
1419,1499.99
1420,1179.99
1421,479.99
1422,2169.99
1423,979.99
1424,1359.99
1425,1429.99
1426,2549.99
1427,333.99
1428,829.99
1429,609.99
1430,609.99
1431,1199.99
1432,899.99
1433,1079.99
1434,499.99
1435,2349.99
1436,3299.99
1437,799.99
1438,1469.99
1439,819.99
1440,919.99
1441,999.99
1442,939.99
1443,1359.99
1444,1999.99
1445,129.99
1446,999.99
1447,759.99
1448,1259.99
1449,999.99
1450,849.99
1451,649.99
1452,1199.99
1453,879.99
1454,2692.00
1455,869.99
1456,1099.99
1457,699.99
1458,359.99
1459,469.99
1460,2999.99
1461,929.99
1462,959.99
1463,1139.99
1464,2999.99
1465,799.99
1466,349.99
1467,1459.99
1468,679.99
1469,799.99
1470,949.99
1471,949.99
1472,479.99
1473,639.99
1474,549.99
1475,1049.99
1476,3369.99
1477,389.99
1478,709.99
1479,309.99
1480,1219.99
1481,829.99
1482,869.99
1483,2029.99
1484,679.99
1485,1449.99
1486,999.99
1487,619.99
1488,489.99
1489,999.99
1490,689.99
1491,449.99
1492,979.99
1493,709.99
1494,1059.99
1495,849.99
1496,2059.99
1497,1129.99
1498,5699.99
1499,649.99
1500,1099.99
1501,979.99
1502,2299.99
1503,2818.00
1504,789.99
1505,749.99
1506,2699.99
1507,2450.00
1508,359.99
1509,579.99
1510,3699.99
1511,1099.99
1512,389.99
1513,2459.99
1514,799.99
1515,279.99
1516,859.99
1517,1999.00
1518,1792.00
1519,2029.99
1520,1899.99
1521,479.99
1522,434.99
1523,599.99
1524,729.99
1525,769.99
1526,2039.99
1527,499.99
1528,549.99
1529,549.99
1530,459.99
1531,799.99
1532,739.99
1533,539.99
1534,999.99
1535,989.99
1536,709.99
1537,789.99
1538,669.99
1539,1329.99
1540,1299.99
1541,899.99
1542,459.99
1543,669.99
1544,459.99
1545,269.99
1546,1059.99
1547,2699.99
1548,619.99
1549,1349.99
1550,979.99
1551,3495.00
1552,1274.99
1553,749.99
1554,559.99
1555,669.99
1556,259.99
1557,1049.99
1558,3249.00
1559,769.99
1560,1119.99
1561,1459.99
1562,1699.99
1563,2849.99
1564,569.99
1565,1829.99
1566,579.99
1567,1019.99
1568,329.99
1569,2999.99
1570,989.99
1571,989.99
1572,1479.99
1573,929.99
1574,897.83
1575,569.99
1576,879.99
1577,1029.99
1578,549.99
1579,729.99
1580,1159.99
1581,1399.99
1582,469.99
1583,3099.99
1584,1099.99
1585,405.99
1586,849.99
1587,1079.99
1588,289.99
1589,3240.00
1590,779.99
1591,454.99
1592,1929.99
1593,2099.99
1594,1929.99
1595,2099.99
1596,579.99
1597,579.99
1598,869.99
1599,1299.00
1600,1879.99
1601,269.99
1602,869.99
1603,1459.99
1604,899.99
1605,2659.00
1606,1869.99
1607,879.99
1608,335.99
1609,2799.99
1610,1489.99
1611,1229.99
1612,359.99
1613,1129.99
1614,376.66
1615,1499.99
1616,1579.99
1617,1329.99
1618,489.99
1619,899.99
1620,749.99
1621,939.99
1622,879.99
1623,679.99
1624,969.99
1625,1899.99
1626,619.99
1627,3899.99
1628,869.99
1629,2149.99
1630,1399.99
1631,649.99
1632,1899.99
1633,1799.99
1634,339.99
1635,979.99
1636,989.99
1637,789.99
1638,639.99
1639,1199.99
1640,1679.99
1641,3189.99
1642,1049.99
1643,2001.95
1644,1139.99
1645,355.99
1646,939.99
1647,1029.99
1648,599.99
1649,879.99
1650,769.99
1651,899.99
1652,2249.99
1653,619.99
1654,1099.99
1655,939.99
1656,659.99
1657,2970.00
1658,1199.99
1659,1099.99
1660,949.99
1661,1199.99
1662,639.99
1663,414.99
1664,949.99
1665,1239.99
1666,899.99
1667,359.99
1668,189.99
1669,1419.99
1670,869.99
1671,1379.99
1672,2539.99
1673,1319.99
1674,459.99
1675,709.99
1676,929.99
1677,809.99
1678,999.99
1679,329.99
1680,1189.99
1681,419.99
1682,405.99
1683,469.99
1684,439.99
1685,1499.99
1686,779.99
1687,549.99
1688,549.99
1689,1849.99
1690,434.99
1691,779.99
1692,1199.99
1693,879.99
1694,939.99
1695,1159.99
1696,1059.99
1697,309.99
1698,929.99
1699,1029.99
1700,1849.99
1701,719.99
1702,639.99
1703,579.99
1704,1699.99
1705,899.99
1706,1905.00
1707,404.99
1708,2387.00
1709,1539.99
1710,499.99
1711,285.99
1712,1076.30
1713,2599.99
1714,1099.99
1715,929.99
1716,639.99
1717,1299.99
1718,1229.99
1719,1939.99
1720,919.99
1721,459.99
1722,2599.99
1723,569.99
1724,1899.99
1725,2169.00
1726,1079.99
1727,409.99
1728,1029.99
1729,1419.99
1730,1299.99
1731,879.99
1732,1449.99
1733,779.99
1734,1079.99
1735,1169.99
1736,959.99
1737,789.99
1738,799.99
1739,539.99
1740,909.99
1741,3099.99
1742,1299.99
1743,769.99
1744,839.99
1745,789.99
1746,1059.99
1747,399.99
1748,2769.99
1749,939.99
1750,1879.99
1751,1399.99
1752,729.99
1753,1399.99
1754,729.99
1755,1579.99
1756,1169.99
1757,1059.99
1758,2679.99
1759,419.99
1760,2415.00
1761,879.99
1762,395.99
1763,1799.99
1764,2799.99
1765,1029.99
1766,699.99
1767,306.99
1768,819.99
1769,939.99
1770,529.99
1771,569.99
1772,2669.99
1773,2271.74
1774,829.99
1775,1199.99
1776,1739.99
1777,279.99
1778,389.99
1779,649.99
1780,369.99
1781,919.99
1782,2699.99
1783,869.99
1784,1399.99
1785,969.99
1786,424.99
1787,889.99
1788,989.99
1789,2699.99
1790,799.99
1791,799.99
1792,539.99
1793,959.99
1794,849.00
1795,679.99
1796,1799.99
1797,669.99
1798,1459.99
1799,779.99
1800,999.99
1801,719.99
1802,1299.99
1803,1029.99
1804,2199.99
1805,949.99
1806,1379.99
1807,2499.99
1808,1099.99
1809,1059.99
1810,1199.99
1811,1569.99
1812,435.99
1813,899.99
1814,1128.79
1815,2029.99
1816,3249.99
1817,889.99
1818,519.99
1819,669.99
1820,899.99
1821,799.99
1822,459.99
1823,339.99
1824,2169.99
1825,499.99
1826,2299.99
1827,519.99
1828,1159.99
1829,899.99
1830,919.99
1831,999.99
1832,1289.99
1833,699.99
1834,439.99
1835,819.99
1836,2249.99
1837,2399.99
1838,1749.99
1839,319.99
1840,1479.99
1841,439.99
1842,1639.99
1843,769.99
1844,1329.99
1845,469.99
1846,1419.99
1847,459.99
1848,1199.99
1849,599.99
1850,2259.99
1851,1139.99
1852,399.99
1853,2549.99
1854,829.99
1855,1129.99
1856,345.99
1857,4099.99
1858,839.99
1859,689.99
1860,769.99
1861,869.99
1862,1379.99
1863,319.99
1864,2266.00
1865,3999.99
1866,659.99
1867,519.99
1868,719.99
1869,509.99
1870,639.99
1871,479.99
1872,2199.99
1873,305.99
1874,1239.99
1875,1199.99
1876,2739.99
1877,859.99
1878,459.99
1879,989.99
1880,1129.99
1881,939.99
1882,1234.82
1883,2439.99
1884,529.99
1885,1219.99
1886,859.99
1887,1649.99
1888,969.99
1889,162.99
1890,699.99
1891,1179.99
1892,1019.99
1893,5199.99
1894,899.99
1895,929.99
1896,919.99
1897,999.99
1898,859.99
1899,729.99
1900,879.99
1901,379.99
1902,1259.99
1903,1189.99
1904,1199.99
1905,2099.99
1906,869.99
1907,729.99
1908,959.99
1909,1449.99
1910,749.99
1911,2799.99
1912,509.99
1913,2950.00
1914,1133.33
1915,759.00
1916,1858.69
1917,759.99
1918,1299.99
1919,1487.99
1920,409.99
1921,789.99
1922,459.99
1923,419.99
1924,459.99
1925,629.99
1926,1159.99
1927,499.99
1928,1799.99
1929,779.99
1930,2199.99
1931,789.99
1932,4199.99
1933,1124.16
1934,1149.99
1935,1049.99
1936,979.99
1937,739.99
1938,395.99
1939,759.99
1940,499.99
1941,1929.99
1942,639.99
1943,1599.99
1944,479.99
1945,309.99
1946,1089.99
1947,969.99
1948,319.99
1949,2439.99
1950,1779.99
1951,949.99
1952,1019.99
1953,1179.99
1954,789.99
1955,999.99
1956,305.99
1957,489.99
1958,1339.99
1959,369.99
1960,2299.99
1961,2099.99
1962,969.99
1963,1529.99
1964,1079.99
1965,1904.40
1966,2099.99
1967,539.99
1968,969.99
1969,1529.99
1970,1079.99
1971,1904.40
1972,799.99
1973,1059.99
1974,1194.00
1975,1549.99
1976,1287.49
1977,3640.00
1978,879.99
1979,699.99
1980,769.99
1981,3699.99
1982,739.99
1983,429.99
1984,1179.99
1985,979.99
1986,829.99
1987,3099.00
1988,2399.99
1989,829.99
1990,719.99
1991,589.99
1992,749.99
1993,1479.99
1994,449.99
1995,819.99
1996,1729.99
1997,659.99
1998,759.99
1999,2069.99
2000,749.99
2001,599.99
2002,1099.00
2003,539.99
2004,829.99
2005,549.99
2006,1329.99
2007,779.99
2008,1059.99
2009,1094.99
2010,3599.99
2011,729.99
2012,859.99
2013,859.99
2014,1099.99
2015,1999.99
2016,1699.99
2017,1499.00
2018,889.99
2019,1969.99
2020,252.99
2021,364.99
2022,990.00
2023,419.99
2024,1815.00
2025,739.99
2026,1139.99
2027,859.99
2028,3517.13
2029,1429.99
2030,1149.99
2031,1469.99
2032,314.99
2033,1179.99
2034,1349.99
2035,1029.99
2036,769.99
2037,679.99
2038,1579.99
2039,1079.99
2040,1129.99
2041,749.99
2042,769.99
2043,1839.99
2044,359.99
2045,479.99
2046,659.99
2047,729.99
2048,999.99
2049,1249.99
2050,4799.99
2051,779.99
2052,444.99
2053,839.99
2054,569.99
2055,799.99
2056,1069.99
2057,399.99
2058,509.99
2059,1399.99
2060,1079.99
2061,1499.99
2062,1179.99
2063,399.99
2064,969.99
2065,1319.99
2066,899.99
2067,629.99
2068,939.99
2069,599.99
2070,1699.99
2071,939.99
2072,639.99
2073,639.99
2074,1669.99
2075,1069.99
2076,2999.99
2077,659.99
2078,429.99
2079,2899.99
2080,879.99
2081,869.99
2082,599.99
2083,3399.99
2084,779.99
2085,629.99
2086,2749.00
2087,1159.99
2088,1769.99
2089,629.99
2090,699.99
2091,939.99
2092,1579.99
2093,1189.99
2094,799.99
2095,849.99
2096,789.99
2097,1199.99
2098,789.99
2099,1869.99
2100,399.99
2101,3799.99
2102,719.99
2103,479.99
2104,1699.99
2105,899.99
2106,1799.99
2107,419.99
2108,859.99
2109,1199.99
2110,3514.23
2111,689.99
2112,629.99
2113,499.99
2114,3399.99
2115,1799.99
2116,279.99
2117,889.99
2118,784.99
2119,989.99
2120,1369.99
2121,929.99
2122,1899.99
2123,849.99
2124,939.99
2125,809.99
2126,1039.99
2127,1039.99
2128,1339.99
2129,1939.99
2130,1875.00
2131,989.99
2132,789.99
2133,1149.99
2134,1049.99
2135,1895.00
2136,829.99
2137,969.99
2138,709.99
2139,1599.99
2140,3899.99
2141,1739.99
2142,1439.99
2143,539.99
2144,269.99
2145,739.99
2146,1079.99
2147,509.99
2148,1129.99
2149,1259.99
2150,1599.99
2151,579.99
2152,3599.99
2153,1529.99
2154,579.99
2155,2399.99
2156,869.99
2157,819.99
2158,709.99
2159,1379.99
2160,2899.99
2161,839.99
2162,649.99
2163,559.99
2164,2189.00
2165,1559.99
2166,1039.99
2167,941.35
2168,899.99
2169,299.99
2170,1039.99
2171,649.99
2172,889.99
2173,699.99
2174,662.99
2175,1099.99
2176,429.99
2177,1749.99
2178,303.99
2179,889.99
2180,699.99
2181,662.99
2182,1099.99
2183,429.99
2184,1749.99
2185,1408.39
2186,3139.99
2187,1019.99
2188,1749.99
2189,1289.99
2190,2059.99
2191,2549.99
2192,1799.99
2193,919.99
2194,1669.99
2195,1465.70
2196,389.99
2197,649.99
2198,1229.99
2199,509.99
2200,399.99
2201,1559.99
2202,829.99
2203,1569.99
2204,939.99
2205,1259.99
2206,1249.99
2207,1669.99
2208,899.99
2209,879.99
2210,1099.99
2211,1159.99
2212,1029.99
2213,1199.99
2214,609.99
2215,919.99
2216,2499.99
2217,3999.99
2218,669.99
2219,1699.99
2220,1369.99
2221,379.99
2222,319.99
2223,869.99
2224,889.99
2225,1014.99
2226,1289.99
2227,309.99
2228,849.99
2229,3495.00
2230,1952.00
2231,519.99
2232,3599.99
2233,599.99
2234,769.99
2235,759.99
2236,1039.99
2237,979.99
2238,1539.99
2239,2310.00
2240,839.99
2241,1429.99
2242,2049.99
2243,879.99
2244,609.99
2245,439.99
2246,709.99
2247,729.99
2248,1229.99
2249,449.99
2250,1219.99
2251,1639.99
2252,1299.99
2253,779.99
2254,879.99
2255,4299.99
2256,1229.99
2257,1199.99
2258,599.99
2259,679.99
2260,999.99
2261,709.99
2262,1039.99
2263,2499.99
2264,434.99
2265,919.99
2266,759.99
2267,799.99
2268,1029.99
2269,929.99
2270,1599.99
2271,1249.99
2272,1499.99
2273,1279.99
2274,1029.99
2275,829.99
2276,2169.99
2277,999.99
2278,749.99
2279,679.99
2280,379.99
2281,2899.00
2282,1069.99
2283,1210.00
2284,989.99
2285,1099.99
2286,2069.99
2287,2669.00
2288,2799.99
2289,1629.99
2290,789.99
2291,1269.99
2292,1649.99
2293,2779.99
2294,399.99
2295,949.99
2296,2096.99
2297,1899.99
2298,919.99
2299,2499.99
2300,2299.99
2301,449.99
2302,729.99
2303,799.99
2304,569.99
2305,2169.99
2306,9720.69
2307,829.99
2308,359.99
2309,469.99
2310,1099.99
2311,1999.99
2312,759.99
2313,799.99
2314,1881.00
2315,279.99
2316,829.99
2317,999.99
2318,1549.99
2319,2059.99
2320,1599.99
2321,1999.00
2322,2519.00
2323,889.99
2324,1099.99
2325,1519.99
2326,1799.99
2327,1879.99
2328,719.99
2329,1159.99
2330,1239.99
2331,729.99
2332,949.99
2333,929.99
2334,899.99
2335,799.99
2336,1699.99
2337,1595.00
2338,1119.99
2339,509.99
2340,4699.99
2341,1299.99
2342,395.99
2343,3399.99
2344,1289.99
2345,1039.99
2346,779.99
2347,1639.99
2348,3369.99
2349,799.99
2350,5399.99
2351,1129.99
2352,1899.99
2353,749.99
2354,819.99
2355,1199.99
2356,1599.99
2357,659.99
2358,649.99
2359,1991.00
2360,399.99
2361,1269.99
2362,2311.00
2363,739.99
2364,3849.99
2365,899.99
2366,2399.00
2367,479.99
2368,609.99
2369,1402.85
2370,359.99
2371,749.99
2372,1279.99
2373,1189.99
2374,659.99
2375,1359.99
2376,1569.99
2377,599.99
2378,1219.99
2379,2499.99
2380,3059.99
2381,759.99
2382,349.99
2383,849.99
2384,779.99
2385,2949.99
2386,599.99
2387,499.99
2388,519.99
2389,2499.99
2390,969.99
2391,2179.99
2392,349.99
2393,2949.99
2394,599.99
2395,499.99
2396,519.99
2397,2499.99
2398,2179.99
2399,349.99
2400,759.99
2401,799.99
2402,899.99
2403,1959.99
2404,1799.99
2405,4159.99
2406,2479.99
2407,2999.99
2408,2999.99
2409,799.99
2410,389.99
2411,1069.99
2412,439.99
2413,839.99
2414,1263.51
2415,599.99
2416,1850.00
2417,4199.99
2418,2872.00
2419,959.99
2420,699.99
2421,3249.99
2422,2129.99
2423,599.99
2424,1089.99
2425,2799.99
2426,369.99
2427,1979.99
2428,2559.99
2429,959.99
2430,799.99
2431,699.99
2432,1389.99
2433,739.99
2434,1239.99
2435,1879.99
2436,799.99
2437,849.99
2438,999.99
2439,609.99
2440,2999.99
2441,629.99
2442,3099.99
2443,959.99
2444,849.99
2445,499.99
2446,675.54
2447,1759.99
2448,699.99
2449,1359.99
2450,669.99
2451,1319.99
2452,769.99
2453,2699.99
2454,1089.99
2455,1019.99
2456,1679.99
2457,229.99
2458,2169.99
2459,659.99
2460,539.99
2461,919.99
2462,569.99
2463,979.99
2464,759.99
2465,769.99
2466,1559.99
2467,2320.99
2468,759.99
2469,819.99
2470,2899.99
2471,1239.99
2472,3999.99
2473,1969.99
2474,969.99
2475,2799.99
2476,1099.99
2477,849.99
2478,1139.99
2479,257.99
2480,1099.99
2481,819.99
2482,359.99
2483,979.99
2484,2320.82
2485,1579.99
2486,1683.00
2487,1729.99
2488,354.99
2489,1959.99
2490,429.99
2491,719.99
2492,346.99
2493,405.99
2494,829.99
2495,3099.99
2496,529.99
2497,346.99
2498,499.99
2499,1139.99
2500,519.99
2501,609.99
2502,819.99
2503,1399.00
2504,639.99
2505,859.99
2506,899.99
2507,869.99
2508,459.99
2509,919.99
2510,4299.99
2511,389.99
2512,819.99
2513,649.99
2514,2649.99
2515,719.99
2516,4299.99
2517,2029.99
2518,609.99
2519,2796.00
2520,1429.99
2521,1369.99
2522,679.99
2523,1029.99
2524,1049.99
2525,1239.99
2526,3199.99
2527,1229.99
2528,2320.00
2529,859.99
2530,899.99
2531,719.99
2532,2199.99
2533,4490.00
2534,569.99
2535,2007.00
2536,609.99
2537,939.99
2538,779.99
2539,789.99
2540,1259.99
2541,749.99
2542,2569.99
2543,1549.99
2544,829.99
2545,349.99
2546,519.99
2547,389.99
2548,2799.99
2549,315.99
2550,1329.00
2551,1982.20
2552,4599.99
2553,919.99
2554,2039.99
2555,1039.99
2556,329.99
2557,769.99
2558,869.99
2559,699.99
2560,839.99
2561,1359.99
2562,4159.99
2563,3640.00
2564,3849.99
2565,1099.99
2566,929.99
2567,489.99
2568,929.99
2569,929.99
2570,649.99
2571,2399.99
2572,1729.99
2573,2199.99
2574,1689.99
2575,1239.99
2576,319.99
2577,579.99
2578,2339.99
2579,539.99
2580,1019.99
2581,1499.99
2582,1119.99
2583,2106.66
2584,859.99
2585,1569.99
2586,829.99
2587,869.99
2588,1239.99
2589,1949.99
2590,999.99
2591,879.99
2592,2329.99
2593,1799.99
2594,799.99
2595,316.99
2596,799.99
2597,1989.99
2598,1999.99
2599,384.99
2600,1179.99
2601,919.99
2602,769.99
2603,869.99
2604,749.99
2605,1039.99
2606,1999.99
2607,384.99
2608,1179.99
2609,769.99
2610,869.99
2611,749.99
2612,919.99
2613,1039.99
2614,839.99
2615,2099.99
2616,999.99
2617,639.99
2618,329.99
2619,1129.99
2620,559.99
2621,419.99
2622,1219.99
2623,189.99
2624,1899.99
2625,1459.99
2626,3399.99
2627,439.99
2628,2299.99
2629,379.99
2630,889.99
2631,639.99
2632,1639.99
2633,799.99
2634,929.99
2635,1119.99
2636,549.99
2637,943.32
2638,2559.99
2639,1059.99
2640,1499.99
2641,899.99
2642,459.99
2643,2999.99
2644,829.99
2645,445.99
2646,649.99
2647,959.99
2648,1169.99
2649,1859.99
2650,1679.99
2651,1299.99
2652,1829.99
2653,3399.99
2654,579.99
2655,1545.82
2656,899.99
2657,1199.99
2658,799.99
2659,939.99
2660,579.99
2661,2049.99
2662,1679.99
2663,1649.99
2664,449.99
2665,1069.99
2666,709.99
2667,399.99
2668,5299.99
2669,829.99
2670,2375.00
2671,1359.99
2672,359.99
2673,409.99
2674,1399.99
2675,1379.99
2676,929.99
2677,1739.99
2678,759.99
2679,629.99
2680,519.99
2681,919.99
2682,729.99
2683,929.99
2684,2138.24
2685,3099.99
2686,424.99
2687,2799.99
2688,969.99
2689,4399.99
2690,2459.99
2691,1469.99
2692,1699.99
2693,2179.99
2694,739.99
2695,879.99
2696,1830.97
2697,739.99
2698,619.99
2699,1595.00
2700,1279.99
2701,699.99
2702,819.99
2703,889.99
2704,839.99
2705,1123.32
2706,1699.00
2707,1189.99
2708,2899.99
2709,479.99
2710,2459.99
2711,859.99
2712,1019.99
2713,1429.99
2714,2499.99
2715,1499.99
2716,1929.99
2717,2137.00
2718,1479.99
2719,1559.99
2720,1739.99
2721,1299.99
2722,489.99
2723,919.99
2724,979.99
2725,1249.99
2726,1189.99
2727,609.99
2728,1199.99
2729,1649.99
2730,409.99
2731,709.99
2732,803.00
2733,439.99
2734,1999.99
2735,1699.99
2736,1539.99
2737,1999.99
2738,6399.99
2739,315.99
2740,913.00
2741,979.99
2742,789.99
2743,759.99
2744,1089.99
2745,1119.99
2746,1019.99
2747,1259.99
2748,789.99
2749,829.99
2750,699.99
2751,899.99
2752,799.99
2753,559.99
2754,1499.99
2755,1119.99
2756,1159.99
2757,2035.80
2758,1859.99
2759,629.99
2760,979.99
2761,729.99
2762,619.99
2763,1029.99
2764,2099.99
2765,1179.99
2766,379.99
2767,299.99
2768,629.99
2769,2299.99
2770,409.99
2771,699.99
2772,299.99
2773,1149.99
2774,2599.99
2775,479.99
2776,1119.99
2777,759.99
2778,233.99
2779,339.99
2780,2299.99
2781,529.99
2782,2449.00
2783,1339.99
2784,1019.99
2785,1449.99
2786,1039.99
2787,989.99
2788,459.99
2789,1799.99
2790,289.99
2791,1439.99
2792,3299.99
2793,859.99
2794,679.99
2795,2699.99
2796,1659.99
2797,1349.99
2798,939.99
2799,939.99
2800,2499.99
2801,599.99
2802,859.99
2803,749.99
2804,899.99
2805,859.99
2806,429.99
2807,2766.21
2808,2559.99
2809,1859.99
2810,1099.99
2811,1199.99
2812,249.99
2813,1359.99
2814,1219.99
2815,1139.99
2816,1899.99
2817,679.99
2818,1319.99
2819,1199.99
2820,1359.99
2821,1219.99
2822,1139.99
2823,309.99
2824,1899.99
2825,679.99
2826,1319.99
2827,3199.99
2828,1573.00
2829,779.99
2830,1727.18
2831,439.99
2832,2529.99
2833,829.99
2834,739.99
2835,1369.99
2836,1179.99
2837,3059.99
2838,1492.49
2839,1759.99
2840,3351.44
2841,889.99
2842,1249.99
2843,465.99
2844,419.99
2845,489.99
2846,889.99
2847,1514.00
2848,1299.00
2849,1479.99
2850,879.99
2851,469.99
2852,1979.99
2853,999.99
2854,509.99
2855,689.99
2856,369.99
2857,589.99
2858,1039.99
2859,889.99
2860,1099.99
2861,499.99
2862,1579.99
2863,579.99
2864,629.99
2865,859.99
2866,659.99
2867,729.99
2868,1099.99
2869,1298.00
2870,1269.99
2871,429.99
2872,889.99
2873,539.99
2874,1019.99
2875,849.99
2876,1799.99
2877,839.99
2878,479.99
2879,1089.99
2880,1099.99
2881,1939.99
2882,5318.00
2883,1269.99
2884,1929.99
2885,529.99
2886,749.99
2887,759.99
2888,1292.85
2889,549.99
2890,429.99
2891,2195.00
2892,1699.99
2893,549.99
2894,1149.99
2895,729.99
2896,1299.99
2897,469.99
2898,1499.99
2899,1119.99
2900,519.99
2901,459.99
2902,2029.99
2903,1329.99
2904,1716.00
2905,389.99
2906,879.99
2907,1249.99
2908,869.99
2909,919.99
2910,1069.99
2911,1429.99
2912,1203.35
2913,3499.99
2914,929.99
2915,3059.99
2916,949.99
2917,2499.99
2918,998.12
2919,919.99
2920,589.99
2921,1899.99
2922,609.99
2923,609.99
2924,1069.99
2925,2999.00
2926,989.99
2927,789.99
2928,769.99
2929,2999.99
2930,1129.99
2931,889.99
2932,1289.99
2933,1439.99
2934,969.99
2935,2950.00
2936,499.99
2937,1959.99
2938,259.99
2939,409.99
2940,1559.99
2941,1399.99
2942,1049.99
2943,1079.99
2944,639.99
2945,283.99
2946,559.99
2947,2339.99
2948,1639.99
2949,399.99
2950,1639.99
2951,1819.99
2952,1389.99
2953,1329.99
2954,256.99
2955,1499.99
2956,325.99
2957,3159.99
2958,559.99
2959,779.99
2960,1699.99
2961,1099.99
2962,639.99
2963,365.99
2964,329.99
2965,479.99
2966,1899.00
2967,759.99
2968,569.99
2969,439.99
2970,1599.99
2971,929.99
2972,999.99
2973,1739.99
2974,639.99
2975,799.99
2976,459.99
2977,429.99
2978,719.99
2979,1599.99
2980,859.99
2981,949.99
2982,819.99
2983,3799.99
2984,2059.99
2985,1935.00
2986,1539.99
2987,639.99
2988,899.00
2989,549.99
2990,1229.99
2991,1929.99
2992,839.99
2993,1742.40
2994,1049.99
2995,3139.99
2996,1439.99
2997,1973.99
2998,859.99
2999,789.99
3000,326.99
3001,349.99
3002,1499.99
3003,3039.99
3004,2496.00
3005,659.99
3006,999.99
3007,494.99
3008,699.99
3009,10898.99
3010,369.99
3011,589.99
3012,1315.96
3013,1299.99
3014,629.99
3015,1229.99
3016,1639.99
3017,1079.99
3018,1539.99
3019,849.99
3020,1999.99
3021,3299.99
3022,1039.99
3023,559.99
3024,769.99
3025,1379.99
3026,699.99
3027,1079.99
3028,1189.99
3029,1599.00
3030,1199.99
3031,1149.99
3032,1379.99
3033,699.99
3034,699.99
3035,1079.99
3036,1189.99
3037,1599.00
3038,1199.99
3039,1149.99
3040,1639.99
3041,1639.16
3042,3775.00
3043,939.99
3044,879.99
3045,239.99
3046,869.99
3047,1179.99
3048,1379.99
3049,2286.00
3050,769.99
3051,1879.99
3052,619.99
3053,469.99
3054,609.99
3055,709.99
3056,344.99
3057,1669.99
3058,679.99
3059,2607.00
3060,819.99
3061,1999.99
3062,1049.99
3063,589.99
3064,659.99
3065,1099.99
3066,539.99
3067,832.99
3068,1829.99
3069,1399.99
3070,1529.99
3071,439.99
3072,579.99
3073,2499.99
3074,799.99
3075,1649.99
3076,859.99
3077,1298.00
3078,499.99
3079,1579.99
3080,799.99
3081,1699.99
3082,2350.00
3083,2139.00
3084,263.99
3085,789.99
3086,1629.99
3087,919.99
3088,1079.99
3089,439.99
3090,1069.99
3091,3549.99
3092,1679.99
3093,989.99
3094,2799.99
3095,1119.99
3096,1299.99
3097,2179.99
3098,2999.99
3099,879.99
3100,1009.99
3101,2479.99
3102,719.99
3103,999.99
3104,1899.99
3105,499.99
3106,509.99
3107,1189.99
3108,899.99
3109,999.99
3110,1155.00
3111,689.99
3112,639.99
3113,1242.00
3114,2299.00
3115,1739.99
3116,1059.99
3117,2699.99
3118,2449.99
3119,345.99
3120,2299.99
3121,17799.99
3122,689.99
3123,2349.99
3124,2369.99
3125,689.99
3126,1669.99
3127,379.99
3128,549.99
3129,3199.99
3130,2059.99
3131,769.99
3132,869.99
3133,2069.99
3134,309.99
3135,549.99
3136,479.99
3137,1099.99
3138,2899.99
3139,1439.99
3140,2199.99
3141,1999.99
3142,1249.99
3143,1099.99
3144,1899.99
3145,409.99
3146,2199.99
3147,1149.99
3148,879.99
3149,579.99
3150,2999.99
3151,1322.85
3152,1299.99
3153,2039.99
3154,1029.99
3155,1119.99
3156,365.99
3157,1099.99
3158,2469.99
3159,1039.99
3160,879.99
3161,499.99
3162,2499.99
3163,1289.99
3164,2739.99
3165,1269.99
3166,679.99
3167,459.99
3168,1179.99
3169,1187.49
3170,1119.99
3171,1049.99
3172,1029.99
3173,1039.99
3174,859.99
3175,4834.00
3176,899.99
3177,929.99
3178,369.99
3179,749.99
3180,889.99
3181,3199.99
3182,2499.99
3183,259.99
3184,1899.99
3185,629.99
3186,3459.99
3187,1259.99
3188,1799.99
3189,549.99
3190,1849.99
3191,689.99
3192,509.99
3193,1129.99
3194,569.99
3195,359.99
3196,3099.00
3197,1049.99
3198,629.99
3199,917.34
3200,459.99
3201,1729.99
3202,2999.99
3203,1298.00
3204,1539.99
3205,819.99
3206,1239.99
3207,1199.99
3208,2269.99
3209,1099.99
3210,1179.99
3211,529.99
3212,1399.99
3213,1259.99
3214,629.99
3215,909.99
3216,4099.99
3217,2109.00
3218,4699.99
3219,3849.99
3220,859.99
3221,739.99
3222,539.99
3223,372.99
3224,999.99
3225,959.99
3226,529.99
3227,2195.00
3228,1224.50
3229,1229.99
3230,2650.00
3231,1639.99
3232,839.99
3233,1089.99
3234,469.99
3235,1019.99
3236,3599.99
3237,1539.99
3238,1219.99
3239,2250.00
3240,2599.99
3241,1089.99
3242,2059.99
3243,2269.99
3244,1469.99
3245,309.99
3246,1099.99
3247,879.99
3248,2449.99
3249,789.99
3250,1999.99
3251,519.99
3252,1069.99
3253,2249.00
3254,469.99
3255,1669.99
3256,839.99
3257,939.99
3258,1049.99
3259,1499.99
3260,409.99
3261,1469.99
3262,889.99
3263,2399.99
3264,3199.99
3265,1639.99
3266,2199.99
3267,559.99
3268,1253.98
3269,1039.99
3270,5999.99
3271,689.99
3272,1999.99
3273,1279.99
3274,4299.99
3275,699.99
3276,459.99
3277,779.99
3278,459.99
3279,1079.99
3280,2399.99
3281,529.99
3282,355.99
3283,859.99
3284,1229.99
3285,519.99
3286,879.99
3287,859.99
3288,1349.99
3289,619.99
3290,1089.99
3291,1149.99
3292,1859.99
3293,3399.99
3294,959.99
3295,759.99
3296,539.99
3297,1589.99
3298,899.99
3299,969.99
3300,329.99
3301,1719.99
3302,1429.99
3303,749.99
3304,329.99
3305,3499.99
3306,1269.99
3307,889.99
3308,699.99
3309,1356.66
3310,589.99
3311,599.99
3312,939.99
3313,979.99
3314,1539.99
3315,959.99
3316,1119.99
3317,1259.99
3318,1069.99
3319,1899.99
3320,1559.99
3321,1599.99
3322,999.99
3323,659.99
3324,1469.99
3325,1369.99
3326,769.99
3327,969.99
3328,779.99
3329,1129.99
3330,749.99
3331,2349.99
3332,869.99
3333,363.99
3334,699.99
3335,1059.99
3336,759.99
3337,539.99
3338,469.99
3339,2839.99
3340,519.99
3341,1549.99
3342,343.99
3343,949.99
3344,619.99
3345,649.99
3346,229.99
3347,1459.99
3348,4159.99
3349,1679.99
3350,329.99
3351,1199.99
3352,1742.00
3353,1199.99
3354,2969.99
3355,2379.99
3356,1799.99
3357,769.99
3358,2579.99
3359,1569.99
3360,489.99
3361,609.99
3362,899.99
3363,649.99
3364,739.99
3365,1089.00
3366,1019.99
3367,2249.99
3368,569.99
3369,2699.99
3370,599.99
3371,1549.99
3372,569.99
3373,3699.00
3374,3469.99
3375,549.99
3376,3761.10
3377,1059.99
3378,1029.99
3379,529.99
3380,619.99
3381,2839.99
3382,929.99
3383,719.99
3384,1949.99
3385,2692.00
3386,799.99
3387,1979.99
3388,409.99
3389,782.24
3390,529.99
3391,2059.99
3392,759.99
3393,1275.00
3394,1899.00
3395,2750.00
3396,989.99
3397,2299.99
3398,2199.99
3399,1339.99
3400,529.99
3401,899.99
3402,629.99
3403,5699.99
3404,1049.99
3405,5699.99
3406,1049.99
3407,1679.99
3408,829.99
3409,839.99
3410,1949.99
3411,1759.99
3412,839.99
3413,1359.99
3414,2029.99
3415,399.99
3416,1639.99
3417,1419.99
3418,2299.99
3419,1049.99
3420,3499.99
3421,1439.99
3422,2197.00
3423,364.99
3424,2999.99
3425,1479.99
3426,2299.99
3427,919.99
3428,599.99
3429,1729.99
3430,2089.99
3431,1019.99
3432,1719.99
3433,3039.99
3434,1699.99
3435,1069.99
3436,1649.99
3437,919.99
3438,729.99
3439,939.99
3440,1399.99
3441,1399.99
3442,1039.99
3443,1119.99
3444,1079.99
3445,309.99
3446,849.99
3447,469.99
3448,1499.99
3449,1289.99
3450,4299.99
3451,859.99
3452,1499.99
3453,949.99
3454,295.99
3455,799.99
3456,2759.99
3457,349.99
3458,989.99
3459,799.99
3460,749.99
3461,769.99
3462,859.99
3463,1829.99
3464,2199.99
3465,1199.99
3466,3599.99
3467,789.99
3468,419.99
3469,1659.99
3470,309.99
3471,1329.99
3472,609.99
3473,789.40
3474,1259.99
3475,959.99
3476,1699.00
3477,679.99
3478,1199.99
3479,449.99
3480,799.99
3481,3799.99
3482,3259.99
3483,2199.99
3484,799.99
3485,949.99
3486,1599.99
3487,1099.99
3488,2599.99
3489,689.99
3490,789.99
3491,1549.99
3492,1149.99
3493,1639.99
3494,1929.99
3495,859.99
3496,3739.99
3497,329.99
3498,1189.99
3499,469.99
3500,619.99
3501,399.99
3502,1199.99
3503,849.99
3504,919.99
3505,2199.99
3506,689.99
3507,3069.00
3508,2699.99
3509,869.99
3510,1049.99
3511,1649.99
3512,649.99
3513,959.99
3514,759.99
3515,1167.99
3516,1349.99
3517,959.99
3518,669.99
3519,609.99
3520,1619.99
3521,4342.00
3522,719.99
3523,509.99
3524,1669.99
3525,649.99
3526,1269.99
3527,1139.99
3528,879.99
3529,1699.99
3530,1049.99
3531,1019.99
3532,689.99
3533,1760.00
3534,759.99
3535,1599.99
3536,2900.77
3537,489.99
3538,4644.45
3539,1000.00
3540,2799.99
3541,2999.99
3542,1069.99
3543,3799.99
3544,939.99
3545,2169.99
3546,459.99
3547,1419.99
3548,1019.99
3549,709.99
3550,2739.99
3551,704.99
3552,899.99
3553,1999.99
3554,4699.99
3555,1929.99
3556,319.99
3557,569.99
3558,849.99
3559,1339.99
3560,1199.99
3561,409.99
3562,829.99
3563,1459.99
3564,2199.99
3565,2080.00
3566,1283.00
3567,1399.99
3568,1169.99
3569,669.99
3570,1299.99
3571,439.99
3572,979.99
3573,799.99
3574,849.99
3575,365.99
3576,2769.99
3577,4059.99
3578,859.99
3579,519.99
3580,2359.99
3581,2539.99
3582,1019.99
3583,1169.99
3584,659.99
3585,3599.99
3586,859.99
3587,789.99
3588,1699.99
3589,1549.99
3590,2369.99
3591,5882.80
3592,2410.00
3593,1059.99
3594,809.99
3595,639.99
3596,959.99
3597,1429.99
3598,2199.99
3599,1359.99
3600,489.99
3601,439.99
3602,1649.99
3603,1869.99
3604,1439.99
3605,3139.99
3606,819.99
3607,2239.99
3608,919.99
3609,4437.00
3610,929.99
3611,649.99
3612,1239.99
3613,1659.99
3614,2359.99
3615,409.99
3616,1469.99
3617,849.99
3618,1469.99
3619,849.99
3620,1469.99
3621,899.99
3622,319.99
3623,175.99
3624,1489.99
3625,5471.10
3626,3269.99
3627,2529.99
3628,799.99
3629,1599.99
3630,1699.99
3631,1999.99
3632,719.99
3633,699.99
3634,1104.00
3635,2138.24
3636,549.99
3637,3299.99
3638,659.99
3639,1079.99
3640,3419.10
3641,1389.99
3642,809.99
3643,379.99
3644,429.99
3645,429.99
3646,599.99
3647,1029.99
3648,345.99
3649,1799.99
3650,659.99
3651,579.99
3652,1797.99
3653,799.99
3654,3899.99
3655,1199.99
3656,399.99
3657,3099.99
3658,989.99
3659,2839.99
3660,1679.99
3661,1469.99
3662,959.99
3663,749.99
3664,3698.79
3665,1589.99
3666,1119.99
3667,619.99
3668,889.99
3669,2699.99
3670,479.99
3671,399.99
3672,609.99
3673,1299.99
3674,3514.28
3675,2699.99
3676,999.99
3677,2249.99
3678,283.99
3679,549.99
3680,499.99
3681,3120.00
3682,1879.99
3683,1549.99
3684,4799.99
3685,2750.00
3686,1039.99
3687,85.99
3688,329.99
3689,1459.99
3690,619.99
3691,829.99
3692,4499.99
3693,1369.99
3694,1635.99
3695,869.99
3696,4399.99
3697,1129.99
3698,2059.99
3699,1459.99
3700,529.99
3701,749.99
3702,1659.99
3703,839.99
3704,1799.99
3705,2179.99
3706,2354.40
3707,3716.10
3708,809.99
3709,1300.00
3710,2799.99
3711,1799.99
3712,1239.99
3713,409.99
3714,2199.99
3715,1399.99
3716,1699.99
3717,949.99
3718,789.99
3719,1189.99
3720,1999.99
3721,3947.28
3722,1159.99
3723,889.99
3724,1499.99
3725,869.99
3726,3347.10
3727,2049.99
3728,3069.99
3729,1099.99
3730,459.99
3731,679.99
3732,1959.99
3733,2862.00
3734,309.99
3735,1359.99
3736,4599.99
3737,499.99
3738,2716.48
3739,1659.99
3740,2659.99
3741,739.99
3742,849.99
3743,469.99
3744,1079.99
3745,399.99
3746,2059.99
3747,699.99
3748,669.99
3749,1059.99
3750,1019.99
3751,1799.99
3752,394.99
3753,899.99
3754,1299.99
3755,869.99
3756,369.99
3757,2199.99
3758,1769.99
3759,709.99
3760,1059.99
3761,789.99
3762,1899.99
3763,949.99
3764,3131.23
3765,4099.99
3766,954.00
3767,639.99
3768,1439.99
3769,1079.99
3770,3999.99
3771,899.99
3772,1079.99
3773,1359.99
3774,6499.99
3775,999.99
3776,1599.99
3777,999.99
3778,529.99
3779,379.99
3780,1599.99
3781,819.99
3782,1993.20
3783,2099.99
3784,979.99
3785,1199.99
3786,1669.99
3787,799.99
3788,2479.99
3789,1199.99
3790,739.99
3791,1419.99
3792,1159.99
3793,829.99
3794,769.99
3795,1349.99
3796,234.99
3797,1439.99
3798,1679.99
3799,749.99
3800,1729.99
3801,2269.99
3802,759.99
3803,2649.99
3804,1249.99
3805,719.99
3806,2279.99
3807,2099.99
3808,1519.99
3809,2456.10
3810,3899.99
3811,649.99
3812,809.99
3813,989.99
3814,689.99
3815,1901.91
3816,1299.99
3817,449.99
3818,899.99
3819,1479.99
3820,1699.99
3821,719.99
3822,1949.99
3823,509.99
3824,509.99
3825,719.99
3826,2929.99
3827,689.99
3828,1083.00
3829,5399.99
3830,1708.86
3831,599.99
3832,1329.99
3833,1939.99
3834,559.99
3835,1149.99
3836,1229.99
3837,849.99
3838,779.99
3839,3399.99
3840,2599.99
3841,629.99
3842,3799.99
3843,1599.99
3844,969.99
3845,1389.99
3846,1279.99
3847,1359.99
3848,979.99
3849,1139.99
3850,1199.99
3851,999.99
3852,5399.99
3853,1999.99
3854,1839.99
3855,769.99
3856,719.99
3857,1079.99
3858,1029.99
3859,1369.99
3860,739.99
3861,709.99
3862,1419.99
3863,859.99
3864,479.99
3865,2499.99
3866,799.99
3867,509.99
3868,2379.99
3869,769.99
3870,689.99
3871,2099.99
3872,729.99
3873,1499.99
3874,4799.99
3875,959.99
3876,1589.99
3877,1879.99
3878,609.99
3879,1039.99
3880,1239.99
3881,1939.99
3882,1499.99
3883,539.99
3884,1939.99
3885,1499.99
3886,539.99
3887,2399.99
3888,1279.99
3889,339.99
3890,849.99
3891,1159.99
3892,2899.99
3893,1039.99
3894,849.99
3895,1239.99
3896,966.99
3897,2799.78
3898,2599.99
3899,779.99
3900,429.99
3901,319.99
3902,1639.99
3903,3199.99
3904,2659.99
3905,4299.99
3906,1339.99
3907,1419.99
3908,939.99
3909,3849.99
3910,649.99
3911,1456.00
3912,709.99
3913,1759.99
3914,1699.99
3915,969.99
3916,2149.99
3917,1668.38
3918,1589.99
3919,2099.99
3920,1249.99
3921,1899.99
3922,1299.99
3923,1499.99
3924,1639.99
3925,809.99
3926,2849.99
3927,2429.99
3928,1019.99
3929,1699.99
3930,799.99
3931,769.99
3932,2099.99
3933,1229.99
3934,719.99
3935,789.99
3936,1841.55
3937,1199.99
3938,2899.99
3939,1539.99
3940,799.99
3941,1799.99
3942,1499.99
3943,1639.99
3944,1039.99
3945,379.99
3946,3799.99
3947,279.99
3948,1429.99
3949,3500.00
3950,2849.99
3951,1799.99
3952,449.99
3953,2899.99
3954,1539.99
3955,689.99
3956,1499.99
3957,2129.99
3958,2138.24
3959,1639.99
3960,3199.99
3961,829.99
3962,1969.00
3963,299.99
3964,1349.99
3965,3199.99
3966,1089.99
3967,1139.99
3968,829.99
3969,914.99
3970,1879.99
3971,1219.99
3972,1324.99
3973,969.99
3974,419.99
3975,1339.99
3976,1099.99
3977,1399.99
3978,509.99
3979,2339.99
3980,1549.99
3981,419.99
3982,3099.99
3983,539.99
3984,1929.99
3985,1999.99
3986,829.99
3987,3099.99
3988,1399.99
3989,479.99
3990,339.99
3991,1399.99
3992,339.99
3993,679.99
3994,1229.99
3995,1279.99
3996,1049.99
3997,849.99
3998,4599.99
3999,779.99
4000,919.99
4001,629.99
4002,3699.99
4003,2499.99
4004,669.99
4005,1629.99
4006,889.99
4007,629.99
4008,479.99
4009,1149.99
4010,529.99
4011,2599.99
4012,629.99
4013,1196.70
4014,2799.99
4015,1415.38
4016,3799.99
4017,3545.64
4018,929.99
4019,449.99
4020,1799.99
4021,2600.00
4022,2832.00
4023,1239.99
4024,1699.99
4025,799.99
4026,919.99
4027,1999.99
4028,889.99
4029,2499.99
4030,1339.99
4031,989.99
4032,2449.99
4033,449.99
4034,739.99
4035,2459.99
4036,1829.99
4037,1489.99
4038,859.99
4039,1319.99
4040,1179.99
4041,1079.99
4042,879.99
4043,1869.99
4044,3799.99
4045,239.99
4046,1519.99
4047,1549.99
4048,2899.99
4049,879.99
4050,499.99
4051,1199.99
4052,2029.99
4053,459.99
4054,3899.99
4055,3059.99
4056,549.99
4057,679.99
4058,849.99
4059,2195.00
4060,2739.99
4061,1049.99
4062,1599.99
4063,2649.99
4064,1059.99
4065,3399.99
4066,939.99
4067,539.99
4068,719.99
4069,1599.99
4070,959.99
4071,949.99
4072,2079.99
4073,499.99
4074,979.99
4075,869.99
4076,1139.99
4077,2927.21
4078,279.99
4079,1179.99
4080,1902.41
4081,749.99
4082,579.99
4083,759.99
4084,1029.99
4085,1219.99
4086,1599.99
4087,559.99
4088,3469.99
4089,609.99
4090,1069.99
4091,929.99
4092,1269.99
4093,1259.99
4094,2099.99
4095,1089.99
4096,979.99
4097,979.99
4098,1599.99
4099,739.99
4100,1099.99
4101,1539.99
4102,1079.99
4103,2569.99
4104,949.99
4105,1119.99
4106,1059.99
4107,3349.99
4108,1259.99
4109,389.99
4110,2099.99
4111,299.99
4112,1049.99
4113,1339.99
4114,819.99
4115,3259.99
4116,2179.99
4117,2439.99
4118,1939.99
4119,1439.99
4120,2699.99
4121,2659.99
4122,589.99
4123,509.99
4124,1239.99
4125,2299.99
4126,749.99
4127,1224.00
4128,1069.99
4129,1159.99
4130,1629.99
4131,509.99
4132,2259.99
4133,1199.99
4134,998.61
4135,3399.99
4136,2369.99
4137,1249.99
4138,1859.99
4139,1169.99
4140,689.99
4141,889.99
4142,1059.99
4143,779.99
4144,1159.99
4145,959.99
4146,2999.99
4147,499.99
4148,2479.99
4149,949.99
4150,879.99
4151,969.99
4152,3199.99
4153,1199.99
4154,1499.99
4155,1759.99
4156,429.99
4157,969.99
4158,2899.99
4159,1599.99
4160,2862.00
4161,3120.00
4162,2138.24
4163,1019.99
4164,3149.99
4165,1929.99
4166,979.99
4167,475.99
4168,899.99
4169,799.99
4170,1159.99
4171,789.99
4172,1649.99
4173,1079.99
4174,1289.99
4175,2599.99
4176,415.99
4177,1149.00
4178,609.99
4179,989.99
4180,629.99
4181,1019.99
4182,969.99
4183,2649.99
4184,59.99
4185,1499.99
4186,1239.99
4187,1619.99
4188,769.99
4189,429.99
4190,1299.99
4191,969.99
4192,3299.99
4193,1399.00
4194,1899.99
4195,569.99
4196,1269.99
4197,1589.99
4198,629.99
4199,649.99
4200,2749.99
4201,1529.99
4202,549.99
4203,1629.99
4204,629.99
4205,649.99
4206,1529.99
4207,549.99
4208,1629.99
4209,4099.99
4210,639.99
4211,1069.99
4212,1539.99
4213,1929.99
4214,1179.99
4215,1659.99
4216,739.99
4217,1029.99
4218,769.99
4219,969.99
4220,279.99
4221,529.99
4222,369.99
4223,774.00
4224,1999.99
4225,669.99
4226,2387.00
4227,1669.99
4228,1979.99
4229,1289.99
4230,3099.99
4231,4199.99
4232,739.99
4233,1119.99
4234,1089.99
4235,1299.99
4236,799.99
4237,1279.99
4238,859.99
4239,1599.99
4240,1149.99
4241,1499.99
4242,1469.99
4243,639.99
4244,839.99
4245,419.99
4246,1499.99
4247,2799.99
4248,4499.99
4249,1599.99
4250,759.99
4251,999.99
4252,1199.99
4253,2269.99
4254,425.99
4255,3299.99
4256,949.99
4257,2808.00
4258,5066.10
4259,1179.99
4260,979.99
4261,489.99
4262,729.99
4263,2499.99
4264,829.99
4265,2339.99
4266,829.99
4267,339.99
4268,1439.99
4269,1289.99
4270,4139.10
4271,1889.99
4272,1870.00
4273,2699.99
4274,669.99
4275,3090.00
4276,1079.99
4277,3286.39
4278,489.99
4279,2129.99
4280,2039.99
4281,1799.99
4282,689.99
4283,1129.99
4284,699.99
4285,1074.00
4286,399.99
4287,1379.99
4288,979.99
4289,313.99
4290,899.99
4291,989.99
4292,709.99
4293,405.99
4294,639.99
4295,449.99
4296,599.99
4297,719.99
4298,699.99
4299,1199.99
4300,839.99
4301,1379.99
4302,879.99
4303,2839.99
4304,1479.99
4305,1019.99
4306,809.99
4307,1029.99
4308,2069.99
4309,1849.99
4310,1469.99
4311,369.99
4312,3299.99
4313,4336.62
4314,2354.00
4315,1099.99
4316,1449.99
4317,2499.99
4318,799.99
4319,549.99
4320,3299.99
4321,1669.99
4322,1199.99
4323,939.99
4324,1399.99
4325,1179.99
4326,4259.99
4327,1129.99
4328,1149.99
4329,1469.99
4330,759.99
4331,1399.99
4332,1799.99
4333,349.99
4334,439.99
4335,4799.99
4336,4268.00
4337,899.99
4338,619.99
4339,579.99
4340,1739.99
4341,3799.99
4342,1669.99
4343,2799.99
4344,1959.99
4345,699.99
4346,839.99
4347,2599.99
4348,1349.99
4349,549.99
4350,3099.99
4351,689.99
4352,2359.99
4353,3169.99
4354,499.99
4355,1839.99
4356,399.99
4357,109.99
4358,3139.99
4359,919.99
4360,3799.99
4361,889.99
4362,1149.99
4363,2199.99
4364,1748.08
4365,889.99
4366,1189.99
4367,903.32
4368,2129.99
4369,1199.99
4370,2299.99
4371,889.99
4372,1269.99
4373,1049.99
4374,4499.99
4375,2149.99
4376,2639.99
4377,1249.99
4378,489.99
4379,2739.99
4380,1769.99
4381,2949.99
4382,1459.99
4383,1229.99
4384,3199.99
4385,869.99
4386,759.99
4387,1699.99
4388,2059.99
4389,499.99
4390,4149.99
4391,3999.99
4392,269.99
4393,999.99
4394,779.99
4395,1849.99
4396,739.99
4397,1039.99
4398,1829.99
4399,849.99
4400,1019.99
4401,1999.00
4402,979.99
4403,1699.99
4404,2029.99
4405,3999.99
4406,3047.00
4407,3399.99
4408,899.99
4409,1279.99
4410,499.99
4411,739.99
4412,699.99
4413,589.99
4414,859.99
4415,629.99
4416,699.99
4417,589.99
4418,859.99
4419,629.99
4420,929.99
4421,2699.99
4422,313.99
4423,1434.40
4424,819.99
4425,1279.99
4426,1799.99
4427,989.99
4428,2349.99
4429,4459.99
4430,2739.99
4431,2099.99
4432,1089.99
4433,519.99
4434,1319.99
4435,789.99
4436,2339.99
4437,3417.53
4438,2759.99
4439,2035.00
4440,949.99
4441,1307.99
4442,1249.99
4443,1929.99
4444,299.99
4445,629.99
4446,379.99
4447,1069.99
4448,1999.99
4449,999.99
4450,1999.99
4451,4127.00
4452,709.99
4453,569.99
4454,1559.99
4455,1299.99
4456,449.99
4457,409.99
4458,969.99
4459,1699.99
4460,1059.99
4461,1069.99
4462,950.00
4463,749.99
4464,4560.00
4465,1339.99
4466,1199.99
4467,1329.99
4468,849.99
4469,1199.99
4470,969.99
4471,439.99
4472,1619.99
4473,809.99
4474,1459.99
4475,2199.99
4476,1259.99
4477,1199.99
4478,899.99
4479,424.99
4480,1199.99
4481,609.99
4482,1839.99
4483,2736.00
4484,1499.99
4485,1149.99
4486,1639.99
4487,1279.99
4488,5799.99
4489,1039.99
4490,779.99
4491,2739.99
4492,789.99
4493,1899.99
4494,529.99
4495,4999.00
4496,1529.99
4497,404.99
4498,899.99
4499,2399.99
4500,2439.99
4501,559.99
4502,969.99
4503,389.99
4504,3199.99
4505,1369.99
4506,3495.00
4507,829.99
4508,299.99
4509,1039.99
4510,969.99
4511,859.99
4512,739.99
4513,2599.99
4514,1129.99
4515,1079.99
4516,1359.99
4517,1599.99
4518,2699.99
4519,1539.99
4520,1549.99
4521,1599.99
4522,899.99
4523,419.99
4524,1549.99
4525,1599.99
4526,899.99
4527,2039.99
4528,899.99
4529,1499.99
4530,1269.99
4531,539.99
4532,1399.99
4533,1469.99
4534,369.99
4535,799.99
4536,1029.99
4537,1669.99
4538,919.99
4539,1469.99
4540,779.99
4541,2199.99
4542,1399.99
4543,1595.00
4544,1029.99
4545,343.99
4546,339.99
4547,1379.99
4548,909.99
4549,799.99
4550,2599.99
4551,799.99
4552,1999.99
4553,999.99
4554,3199.99
4555,799.99
4556,259.99
4557,367.49
4558,1899.99
4559,1829.99
4560,899.99
4561,6799.99
4562,3199.99
4563,1659.99
4564,1899.99
4565,749.99
4566,1959.99
4567,1119.99
4568,449.99
4569,939.99
4570,1629.99
4571,959.99
4572,4000.00
4573,1699.99
4574,529.99
4575,1579.99
4576,1999.99
4577,6799.99
4578,3199.99
4579,669.99
4580,1659.99
4581,1899.99
4582,749.99
4583,1959.99
4584,1119.99
4585,939.99
4586,1629.99
4587,959.99
4588,4000.00
4589,1699.99
4590,289.99
4591,529.99
4592,1999.99
4593,599.99
4594,1549.99
4595,769.99
4596,2129.99
4597,2599.99
4598,1229.99
4599,2899.99
4600,1589.99
4601,439.99
4602,1369.99
4603,1379.99
4604,999.99
4605,839.99
4606,789.99
4607,719.99
4608,889.99
4609,1755.65
4610,769.99
4611,4299.99
4612,649.99
4613,4747.00
4614,1069.99
4615,709.99
4616,699.99
4617,689.99
4618,849.99
4619,1599.99
4620,389.99
4621,1219.99
4622,1379.99
4623,439.99
4624,769.99
4625,1694.00
4626,1379.99
4627,699.99
4628,3899.99
4629,3599.99
4630,3549.99
4631,1479.99
4632,969.99
4633,2439.99
4634,345.99
4635,2899.99
4636,3539.99
4637,1339.99
4638,849.99
4639,1699.99
4640,1599.99
4641,3779.10
4642,4634.10
4643,389.99
4644,949.99
4645,799.99
4646,1169.99
4647,1499.99
4648,3779.00
4649,2640.69
4650,949.99
4651,609.99
4652,1079.99
4653,1119.99
4654,1099.99
4655,1199.99
4656,509.99
4657,1649.99
4658,1429.99
4659,739.99
4660,1669.99
4661,3169.99
4662,4249.99
4663,1839.99
4664,1399.99
4665,1159.99
4666,829.99
4667,359.99
4668,739.99
4669,2059.99
4670,1649.99
4671,669.99
4672,1069.99
4673,2763.00
4674,1979.99
4675,2159.99
4676,699.99
4677,1449.99
4678,1606.00
4679,1039.99
4680,1729.99
4681,759.99
4682,4345.00
4683,2049.99
4684,669.99
4685,3999.00
4686,1699.99
4687,659.99
4688,4499.99
4689,1499.99
4690,1149.99
4691,1359.99
4692,849.99
4693,1119.99
4694,1299.99
4695,1659.99
4696,1079.99
4697,3339.70
4698,1089.99
4699,4059.99
4700,929.99
4701,279.99
4702,1569.99
4703,2565.00
4704,1469.99
4705,2799.99
4706,899.99
4707,2069.99
4708,959.99
4709,1469.99
4710,609.99
4711,1019.99
4712,659.99
4713,1879.99
4714,1329.99
4715,1899.99
4716,889.99
4717,739.99
4718,1499.99
4719,2059.99
4720,1429.99
4721,1269.99
4722,1699.99
4723,799.99
4724,1749.99
4725,1929.99
4726,519.99
4727,1529.99
4728,949.99
4729,2799.99
4730,2169.99
4731,959.99
4732,1369.99
4733,1019.99
4734,439.99
4735,1679.99
4736,2099.99
4737,759.99
4738,619.99
4739,899.99
4740,1399.99
4741,709.99
4742,799.99
4743,479.99
4744,1359.99
4745,439.99
4746,3499.99
4747,3299.99
4748,2699.99
4749,839.99
4750,2099.99
4751,1059.99
4752,2628.00
4753,769.99
4754,3599.99
4755,889.99
4756,1114.00
4757,2399.99
4758,949.99
4759,1089.99
4760,2669.99
4761,799.99
4762,4149.99
4763,1069.99
4764,1949.99
4765,809.99
4766,1089.99
4767,589.99
4768,1389.99
4769,1259.99
4770,379.99
4771,2869.99
4772,3599.99
4773,3399.99
4774,849.99
4775,879.99
4776,1139.99
4777,849.99
4778,439.99
4779,419.99
4780,4299.99
4781,1319.99
4782,799.99
4783,929.99
4784,1259.99
4785,769.99
4786,1799.99
4787,929.99
4788,1479.99
4789,1089.99
4790,1519.99
4791,1389.99
4792,659.99
4793,1099.99
4794,2899.99
4795,879.99
4796,2269.99
4797,1499.99
4798,1279.99
4799,1059.99
4800,1199.99
4801,989.99
4802,3099.99
4803,1189.00
4804,719.99
4805,679.99
4806,1579.99
4807,3851.10
4808,3399.99
4809,1699.99
4810,859.99
4811,919.99
4812,499.99
4813,1479.99
4814,1169.99
4815,1249.99
4816,4999.99
4817,969.99
4818,719.99
4819,1189.99
4820,1859.99
4821,1799.70
4822,1699.99
4823,799.99
4824,869.99
4825,559.99
4826,959.99
4827,939.99
4828,1749.99
4829,679.99
4830,1079.99
4831,954.99
4832,1039.99
4833,1169.99
4834,259.99
4835,1159.99
4836,1686.88
4837,799.99
4838,969.99
4839,839.99
4840,849.99
4841,1279.99
4842,3999.99
4843,449.99
4844,2639.99
4845,919.99
4846,2395.00
4847,1049.99
4848,2260.00
4849,1247.07
4850,719.99
4851,3099.99
4852,1199.99
4853,949.99
4854,5099.99
4855,3581.10
4856,419.99
4857,1449.99
4858,2439.99
4859,1089.99
4860,3069.99
4861,829.99
4862,1519.99
4863,1159.99
4864,1299.99
4865,729.99
4866,819.99
4867,599.99
4868,799.99
4869,1456.00
4870,1519.99
4871,949.99
4872,1139.99
4873,3399.99
4874,2214.00
4875,1669.99
4876,449.99
4877,899.99
4878,454.99
4879,3545.64
4880,1807.07
4881,2609.10
4882,2100.86
4883,1799.99
4884,1298.00
4885,899.99
4886,1579.99
4887,969.99
4888,1349.99
4889,599.99
4890,739.99
4891,2689.50
4892,869.99
4893,2899.99
4894,3599.99
4895,3545.64
4896,1513.45
4897,1577.99
4898,1459.99
4899,3149.99
4900,3269.99
4901,1279.99
4902,579.99
4903,4699.99
4904,1469.99
4905,1319.99
4906,1399.99
4907,1479.99
4908,579.99
4909,1599.99
4910,1699.99
4911,1759.99
4912,749.99
4913,879.99
4914,2195.00
4915,1069.99
4916,649.99
4917,939.99
4918,819.99
4919,1129.99
4920,969.99
4921,5199.99
4922,1019.99
4923,859.99
4924,959.99
4925,1496.00
4926,3999.99
4927,1329.99
4928,469.99
4929,999.99
4930,1599.99
4931,3699.99
4932,519.99
4933,1079.99
4934,989.99
4935,1699.99
4936,3299.99
4937,1879.99
4938,1259.99
4939,879.99
4940,1339.99
4941,1759.99
4942,1179.99
4943,659.99
4944,1799.99
4945,239.99
4946,2769.99
4947,1839.99
4948,989.99
4949,1049.99
4950,1799.99
4951,2769.99
4952,1839.99
4953,989.99
4954,1049.99
4955,579.99
4956,739.99
4957,889.99
4958,2079.99
4959,999.99
4960,1069.99
4961,2499.99
4962,1249.99
4963,2449.99
4964,1129.99
4965,1129.99
4966,2557.00
4967,1419.99
4968,2950.00
4969,589.99
4970,1799.99
4971,2499.99
4972,579.99
4973,729.99
4974,929.99
4975,1669.99
4976,1379.99
4977,649.99
4978,929.99
4979,509.99
4980,529.99
4981,2359.99
4982,1467.40
4983,639.99
4984,4459.99
4985,1959.99
4986,1390.00
4987,2190.00
4988,819.99
4989,729.99
4990,6499.99
4991,8297.00
4992,669.99
4993,1489.99
4994,839.99
4995,415.99
4996,1069.99
4997,1239.99
4998,1549.99
4999,1099.99
5000,449.99
5001,439.99
5002,559.99
5003,919.99
5004,1299.99
5005,2719.80
5006,1449.99
5007,2699.99
5008,1439.99
5009,889.99
5010,1199.99
5011,1079.99
5012,939.99
5013,1359.99
5014,979.99
5015,789.99
5016,1859.99
5017,1199.99
5018,2599.99
5019,2439.99
5020,1059.99
5021,599.99
5022,366.99
5023,394.99
5024,1479.99
5025,449.99
5026,1469.99
5027,2199.99
5028,1759.99
5029,1749.99
5030,1529.99
5031,339.99
5032,1279.99
5033,3899.00
5034,354.99
5035,629.99
5036,2549.99
5037,1499.99
5038,2245.00
5039,1019.99
5040,629.99
5041,1399.99
5042,729.99
5043,1169.99
5044,699.99
5045,899.99
5046,429.99
5047,1595.00
5048,2079.99
5049,649.99
5050,1169.99
5051,899.99
5052,1699.99
5053,819.99
5054,286.99
5055,2899.99
5056,369.99
5057,2899.99
5058,1769.99
5059,2199.99
5060,1299.99
5061,799.99
5062,4702.00
5063,2699.00
5064,1739.99
5065,1129.99
5066,3069.99
5067,349.99
5068,729.99
5069,909.99
5070,1079.99
5071,1299.99
5072,385.99
5073,1999.99
5074,709.99
5075,649.99
5076,559.99
5077,1019.99
5078,1059.99
5079,2099.99
5080,999.00
5081,789.99
5082,1099.99
5083,559.98
5084,2799.99
5085,3999.99
5086,1729.99
5087,1799.00
5088,1549.99
5089,969.99
5090,1329.99
5091,1219.99
5092,1239.99
5093,1826.00
5094,3399.99
5095,2835.00
5096,1159.99
5097,4499.99
5098,5399.99
5099,1079.99
5100,559.99
5101,3203.00
5102,1119.99
5103,819.99
5104,989.99
5105,5499.99
5106,849.99
5107,2500.00
5108,3259.99
5109,549.99
5110,499.99
5111,379.99
5112,4799.99
5113,1299.99
5114,999.00
5115,2999.99
5116,1739.99
5117,2404.99
5118,2949.99
5119,969.99
5120,1469.99
5121,769.99
5122,1099.99
5123,889.99
5124,4099.99
5125,1759.99
5126,2699.99
5127,1969.99
5128,1619.99
5129,1079.99
5130,1559.99
5131,1669.99
5132,1539.99
5133,699.99
5134,1402.68
5135,1549.99
5136,2068.88
5137,829.99
5138,339.99
5139,2699.99
5140,1339.99
5141,2069.99
5142,1749.99
5143,1749.99
5144,2199.99
5145,1239.99
5146,1229.99
5147,1729.99
5148,2299.99
5149,1185.73
5150,1099.99
5151,1359.99
5152,649.99
5153,1419.99
5154,1029.99
5155,559.99
5156,459.99
5157,769.99
5158,3039.99
5159,1169.99
5160,1999.00
5161,699.99
5162,2999.99
5163,2229.99
5164,1079.99
5165,3699.00
5166,1779.99
5167,989.99
5168,1099.99
5169,1399.99
5170,789.99
5171,919.99
5172,929.99
5173,1399.99
5174,1989.99
5175,679.99
5176,1599.99
5177,2999.99
5178,409.99
5179,1449.99
5180,1029.99
5181,2659.99
5182,969.99
5183,719.99
5184,475.99
5185,979.99
5186,1549.99
5187,1089.99
5188,729.99
5189,709.99
5190,1979.99
5191,1599.99
5192,3659.00
5193,3399.99
5194,3959.99
5195,1779.99
5196,829.99
5197,1019.99
5198,3200.99
5199,1529.99
5200,989.99
5201,1059.99
5202,649.99
5203,2599.99
5204,1399.99
5205,1114.99
5206,3599.99
5207,899.99
5208,979.99
5209,4299.99
5210,729.99
5211,339.99
5212,1259.99
5213,899.99
5214,1499.99
5215,3131.10
5216,2499.99
5217,539.99
5218,599.99
5219,1359.99
5220,1159.99
5221,939.99
5222,950.00
5223,2079.99
5224,1679.99
5225,1377.49
5226,2269.99
5227,1259.99
5228,999.99
5229,3699.99
5230,3999.99
5231,839.99
5232,1189.99
5233,799.99
5234,839.99
5235,1829.99
5236,2539.99
5237,709.99
5238,1249.99
5239,4917.64
5240,1299.99
5241,809.99
5242,1499.99
5243,1599.99
5244,1319.99
5245,709.99
5246,1139.99
5247,2359.99
5248,879.99
5249,3599.99
5250,659.99
5251,2769.99
5252,1799.99
5253,2999.99
5254,4459.00
5255,4199.99
5256,1949.99
5257,1469.99
5258,1839.99
5259,1169.99
5260,2470.00
5261,1349.99
5262,1299.99
5263,1149.99
5264,1499.99
5265,1299.99
5266,809.99
5267,299.99
5268,619.99
5269,1129.99
5270,1129.99
5271,1199.99
5272,1999.99
5273,3599.99
5274,629.99
5275,3069.99
5276,639.99
5277,2669.99
5278,709.99
5279,899.99
5280,899.99
5281,1679.99
5282,1429.99
5283,1959.99
5284,1029.99
5285,1439.99
5286,619.99
5287,1649.99
5288,1139.99
5289,299.99
5290,999.99
5291,889.99
5292,899.99
5293,919.99
5294,1019.99
5295,1349.99
5296,1727.00
5297,1149.99
5298,1029.99
5299,1079.99
5300,689.99
5301,719.99
5302,569.99
5303,1099.99
5304,1599.99
5305,1459.99
5306,1349.99
5307,829.99
5308,1562.00
5309,849.99
5310,2299.99
5311,329.99
5312,247.99
5313,469.99
5314,589.99
5315,2359.99
5316,919.99
5317,969.99
5318,459.99
5319,899.99
5320,1099.99
5321,549.99
5322,869.99
5323,209.99
5324,739.99
5325,939.99
5326,579.99
5327,989.99
5328,929.99
5329,689.99
5330,1169.99
5331,489.99
5332,299.99
5333,309.99
5334,599.99
5335,289.99
5336,409.99
5337,1099.99
5338,389.99
5339,819.99
5340,329.99
5341,1099.99
5342,609.99
5343,1939.99
5344,399.99
5345,969.99
5346,245.99
5347,315.99
5348,319.99
5349,1439.99
5350,1579.99
5351,329.99
5352,429.99
5353,239.99
5354,1199.99
5355,2669.99
5356,829.99
5357,1129.99
5358,345.99
5359,549.99
5360,929.99
5361,1099.99
5362,1099.99
5363,940.14
5364,1299.99
5365,1699.99
5366,1649.99
5367,719.99
5368,739.99
5369,449.99
5370,319.99
5371,779.99
5372,329.99
5373,1267.18
5374,869.99
5375,729.00
5376,449.99
5377,349.99
5378,629.99
5379,649.99
5380,829.99
5381,439.99
5382,759.99
5383,429.99
5384,2129.99
5385,409.99
5386,779.99
5387,529.99
5388,649.99
5389,759.99
5390,289.99
5391,819.99
5392,549.99
5393,1332.00
5394,459.99
5395,969.99
5396,1899.99
5397,449.99
5398,329.99
5399,919.99
5400,699.99
5401,1099.99
5402,424.99
5403,339.99
5404,439.99
5405,829.99
5406,1039.99
5407,279.99
5408,1019.99
5409,699.99
5410,669.99
5411,739.99
5412,819.99
5413,689.99
5414,738.75
5415,819.99
5416,738.75
5417,949.99
5418,959.99
5419,899.99
5420,415.99
5421,759.99
5422,409.99
5423,929.99
5424,599.99
5425,759.99
5426,1899.99
5427,189.99
5428,739.99
5429,414.99
5430,929.99
5431,319.99
5432,2469.99
5433,294.99
5434,379.99
5435,599.99
5436,409.99
5437,499.99
5438,659.99
5439,399.99
5440,829.99
5441,759.99
5442,3399.99
5443,979.99
5444,389.99
5445,379.99
5446,279.99
5447,779.99
5448,1099.99
5449,399.99
5450,439.99
5451,429.99
5452,325.99
5453,1279.99
5454,519.99
5455,609.99
5456,2369.99
5457,499.99
5458,335.99
5459,799.99
5460,1069.99
5461,1089.99
5462,769.99
5463,1559.99
5464,519.99
5465,489.99
5466,1029.99
5467,336.99
5468,849.99
5469,629.99
5470,739.99
5471,1499.99
5472,439.99
5473,4299.99
5474,269.99
5475,1339.99
5476,1029.99
5477,439.99
5478,789.99
5479,4699.99
5480,949.99
5481,819.99
5482,389.99
5483,1329.99
5484,689.99
5485,649.99
5486,379.99
5487,989.99
5488,768.32
5489,719.99
5490,649.99
5491,659.99
5492,789.99
5493,959.99
5494,869.99
5495,859.99
5496,1678.17
5497,389.99
5498,829.99
5499,1199.99
5500,469.99
5501,669.99
5502,669.99
5503,829.99
5504,1199.99
5505,1429.99
5506,459.99
5507,409.99
5508,769.99
5509,303.99
5510,2059.99
5511,409.99
5512,999.99
5513,399.99
5514,309.99
5515,474.99
5516,569.99
5517,1199.99
5518,1999.99
5519,1199.99
5520,1299.99
5521,979.99
5522,759.99
5523,296.99
5524,939.99
5525,529.99
5526,859.99
5527,859.99
5528,899.99
5529,379.99
5530,224.99
5531,1439.99
5532,1399.99
5533,589.99
5534,3399.99
5535,374.99
5536,1199.99
5537,629.99
5538,226.99
5539,469.99
5540,1906.30
5541,369.99
5542,969.99
5543,2999.99
5544,1249.99
5545,2099.99
5546,419.99
5547,354.99
5548,719.99
5549,1019.99
5550,689.99
5551,1079.99
5552,414.99
5553,959.99
5554,969.99
5555,699.99
5556,679.00
5557,459.99
5558,619.99
5559,449.99
5560,289.99
5561,899.99
5562,769.99
5563,839.99
5564,294.99
5565,1079.99
5566,799.99
5567,184.99
5568,1049.99
5569,899.99
5570,469.99
5571,909.99
5572,869.99
5573,1539.99
5574,749.99
5575,999.99
5576,519.99
5577,619.99
5578,459.99
5579,399.99
5580,339.99
5581,589.99
5582,1159.99
5583,859.99
5584,609.99
5585,979.99
5586,1459.99
5587,309.99
5588,559.99
5589,339.99
5590,1159.99
5591,344.99
5592,1529.99
5593,959.99
5594,699.99
5595,469.99
5596,849.99
5597,1099.99
5598,449.99
5599,799.99
5600,1869.99
5601,879.99
5602,224.99
5603,1139.99
5604,346.99
5605,445.99
5606,289.99
5607,859.99
5608,399.99
5609,1029.99
5610,379.99
5611,679.99
5612,1579.99
5613,299.99
5614,359.99
5615,1599.99
5616,611.99
5617,355.99
5618,394.99
5619,469.99
5620,839.99
5621,305.99
5622,559.99
5623,899.99
5624,739.99
5625,749.99
5626,689.99
5627,899.99
5628,749.99
5629,2497.49
5630,689.99
5631,899.99
5632,759.99
5633,369.99
5634,449.99
5635,459.99
5636,639.99
5637,799.99
5638,1199.99
5639,379.99
5640,2749.99
5641,1239.99
5642,863.10
5643,349.99
5644,1529.99
5645,325.99
5646,379.99
5647,236.99
5648,949.99
5649,1099.99
5650,1059.99
5651,449.99
5652,429.99
5653,1459.99
5654,349.99
5655,429.99
5656,395.99
5657,899.99
5658,2899.99
5659,389.99
5660,649.99
5661,499.00
5662,949.99
5663,1269.99
5664,1569.99
5665,2199.99
5666,499.99
5667,299.99
5668,294.99
5669,939.99
5670,1849.99
5671,549.99
5672,569.99
5673,899.99
5674,2369.99
5675,349.99
5676,1699.99
5677,1879.99
5678,385.99
5679,659.99
5680,1549.99
5681,999.99
5682,699.99
5683,319.99
5684,1179.99
5685,789.99
5686,669.99
5687,729.99
5688,559.99
5689,2156.00
5690,1269.99
5691,649.99
5692,3259.99
5693,335.99
5694,689.99
5695,669.99
5696,1899.99
5697,749.99
5698,2249.99
5699,1299.99
5700,1239.99
5701,379.99
5702,799.99
5703,639.99
5704,2195.00
5705,1179.99
5706,359.99
5707,309.99
5708,1129.99
5709,569.99
5710,519.99
5711,699.99
5712,469.99
5713,549.99
5714,209.99
5715,439.99
5716,349.99
5717,316.99
5718,919.99
5719,1119.99
5720,859.99
5721,899.99
5722,529.99
5723,692.49
5724,2704.00
5725,2949.99
5726,2469.99
5727,659.99
5728,939.99
5729,339.99
5730,1699.99
5731,809.99
5732,809.99
5733,1369.99
5734,329.99
5735,299.99
5736,1199.99
5737,2199.99
5738,1019.99
5739,529.99
5740,729.99
5741,2399.99
5742,559.99
5743,1329.99
5744,369.99
5745,589.99
5746,344.99
5747,959.99
5748,429.99
5749,1139.99
5750,999.99
5751,1389.99
5752,1444.99
5753,2059.99
5754,569.99
5755,3899.99
5756,469.99
5757,370.25
5758,569.99
5759,1399.99
5760,689.99
5761,819.99
5762,709.99
5763,789.99
5764,1089.99
5765,1159.99
5766,319.99
5767,719.99
5768,1849.99
5769,599.99
5770,1953.30
5771,539.99
5772,1089.99
5773,569.99
5774,999.99
5775,649.99
5776,929.99
5777,469.99
